{
    "nama_lomba":"<span>Business</span> Case",  
    "deskripsi_lomba1":"Business Case Competition merupakan sebuah kompetisi dimana peserta menyelesaikan permasalahan bisnis di lingkup perusahaan menggunakan solusi teknologi. Lomba ini mengangkat tema “Menumbuhkan Semangat Wirausaha yang Kreatif dan Inovatif Di Era Ekonomi Digital” dengan tujuan mendorong mahasiswa dalam menciptakan pikiran kritis terhadap permasalahan bisnis serta mampu mengembangkan inovasi agar siap bersaing di era ekonomi digital.",
    "link_guidebook":"",
    "link_pendaftaran":"https://forms.gle/43wbYgpVDJe8oCCX9",
    "gambar1":"/assets/images/resources/cso.png",
    "gambar2":"/assets/images/resources/cso.png",
    "deskripsi_lomba2":"<b>Business Case Competition</b> merupakan  bagian dari rangkaian acara NEOICT Competition di bawah naungan Fasilkom Fest  2021 yang diselenggarakan oleh BEM Fakultas Ilmu Komputer, UPN “Veteran” Jawa Timur. Lomba ini terdiri dari dua babak, yaitu :<ol style=\"margin-top:10px\" className=\"list-unstyled mt-5\"><li>  <p className=\"list-text font-weight-bold\"><b>Babak Penyisihan</b></p><p className=\"list-text mt-0\">Proposal yang telah dikumpulkan peserta akan dinilai oleh juri dan dipilih 10 tim terbaik untuk melanjutkan ke babak final.</p></li><li>  <p className=\"list-text font-weight-bold\"> <b>Babak Final</b></p> <p className=\"list-text mt-0\">10 tim terbaik mempresentasikan isi proposal dalam bentuk power point di hadapan juri disertai sesi tanya jawab.</p></li></ol>",
    "benefit":[
        "E-sertifikat",
        "Uang Pembinaan",
        "Pengetahuan dan Pengalaman"
        
    ],
    "additional":[
        {
            "judul":"Informasi Lomba", 
            "isi":"",
            "footer":"<div class=\"text-center mx-2 mt-5  d-md-flex justify-content-center\"><a href=\"\" class=\" mx-2 w-100 thm-btn mb-2 mt-1\"><span style=\"font-size: 14px;\">Template Proposal<i class=\"fa fa-download ml-1\"></i></span></a><a href=\"https://forms.gle/GcUCTEVkp2QHWRHD7\" class=\"mx-2 w-100 thm-btn mb-2 ml-1 mt-1\"><span style=\"font-size: 14px;\">Pengumpulan Proposal<i class=\"fa fa-upload ml-3\"></i></span></a><a href=\"https://forms.gle/rqiZNzZadXZ2Nuxs8\" class=\"mx-2 w-100 thm-btn mb-2 ml-1 mt-1\"><span style=\"font-size: 14px;\">Pengumpulan PPT<i class=\"fa fa-upload ml-3\"></i></span></a></div>",
            "list":[
                "Lomba bersifat tim dan ditujukan untuk mahasiswa D3/D4/S1",
                "Seluruh rangkaian acara diselenggarakan secara daring",
                "Pendaftaran bisa dilakukan di laman perlombaan Business Case",
                "Peserta diharapkan membaca guidebook  sebelum melakukan pendaftaran",
                "Untuk info lebih lanjut silahkan mengunjungi instagram Fasilkom Fest"
               ]
        }
    ],
    "timeline":[
        {"tahap":"Pendaftaran Gelombang 1","tanggal":"18 November 2021 - 25 November 2021"},
        {"tahap":"Pendaftaran Gelombang 2","tanggal":"26 November - 14 Desember 2021"},
        {"tahap":"Batas Akhir Pengumpulan Proposal","tanggal":"22 Desember 2021"},
        {"tahap":"Seleksi Babak Penyisihan","tanggal":"23 Desember 2021 - 27 Desember 2021"},
        {"tahap":"Pengumuman Finalis","tanggal":"29 Desember 2021"},
        {"tahap":"Technical Meeting Final","tanggal":"3 Januari 2022"},
        {"tahap":"Babak Final","tanggal":"15 Januari 2022"},
        {"tahap":"Pengumuman Pemenang","tanggal":"18 -19 Januari 2022"}
    ],
    "faq":[
        {"pertanyaan":"Apa itu Business Case Competition ?","jawaban":"Merupakan serangkaian lomba pada event NEOICT Competition dimana sasaran dari  lomba ini adalah  mahasiswa D3/D4/S1."},
        {"pertanyaan":"Berapa biaya pendaftaran lomba Business Case ini ?","jawaban":"Biaya pendaftaran sebesar Rp 75.000/Tim"},
        {"pertanyaan":"Bagaimana cara mendaftar di lomba ini ?","jawaban":"Untuk tata cara pendaftaran dan semua persyaratan bisa dilihat di guidebook"},
        {"pertanyaan":"Berapa anggota dalam satu tim ?","jawaban":"Setiap tim terdiri dari 2-3 orang yang berada di satu satu instansi/perguruan tinggi yang sama"},
        {"pertanyaan":"Apa saja batasan materi dari lomba Business Case ini ?","jawaban":"Batasan materi dari business case ini adalah  penyelesaian permasalahan bisnis melalui pendekatan teknologi"},
        {"pertanyaan":"Apakah lomba ini dilakukan secara daring ?","jawaban":"Ya, seluruh rangkaian lomba ini diselenggarakan secara daring via zoom"}
    ],
    "kontak":[
        {
            "judul":"Whatsapp",
            "icon":"whatsapp",
            "list":[ 
                {"nama":"Iqbal Ramadhan", "kontak":"+6281914787114", "link":"https://wa.me/6281914787114"},
                {"nama":"Diana Eka", "kontak":"+6285807270732", "link":"https://wa.me/6285807270732"}
            ]
        },
        {
            "judul":"LINE",
            "icon":"line",
            "list":[ 
                {"nama":"Iqbal Ramadhan", "kontak":"iqbalramad75", "link":"https://wa.me/6281217824729"},
                {"nama":"Diana Eka", "kontak":"di.ka_", "link":"https://wa.me/62895383310117"}
            ]
        },
        {
            "judul":"Instagram",
            "icon":"instagram",
            "list":[
                {"nama":"", "kontak":"NEOICT Competition", "link":""}
            ]
        }
      
    ]
}