{
    "nama_lomba":"<span>Computer Science</span> Olympiad (CSO)",  
    "deskripsi_lomba1":"Computer Science Olympiad (CSO) merupakan rangkaian kompetisi dari event NEOICT dibawah naungan Fasilkom Festival yang diadakan oleh BEM Fakultas Ilmu Komputer Universitas Pembangunan Nasional \"Veteran\" Jawa Timur dengan tujuan mendorong siswa untuk meningkatkan minat dan kemampuan di bidang informatika dalam berpikir logis dan sistematis untuk menyelesaikan sebuah masalah.",
    "link_guidebook":"",
    "link_pendaftaran":"https://forms.gle/8uz6tMHxPJVHFPdg6",
    "gambar1":"/assets/images/resources/cso.png",
    "gambar2":"/assets/images/resources/cso.png",
    "deskripsi_lomba2":"<b>Computer Science Olympiad (CSO)</b> diperuntukan untuk siswa/i SMA/SMK sederajat. CSO mengusung tema <b>\"Build and Upgrade Your Skills with Technology\"</b> dengan harapan peserta dapat meningkatkan wawasan serta kemampuannya dalam memecahkan permasalahan seputar ilmu komputer.",
    "benefit":[
        "E-sertifikat",
        "Hadiah jutaan rupiah",
        "Menambah pengalaman dan networking"
    ],
    "additional":[
        
    ],
    "timeline":[
        {"tahap":"Pendaftaran Gelombang 1","tanggal":"18 November 2021 - 25 November 2021"},
        {"tahap":"Pendaftaran Gelombang 2","tanggal":"26 November - 14 Desember 2021"},
        {"tahap":"Try Out","tanggal":"12 Desember 2021"},
        {"tahap":"Penyisihan","tanggal":"18 Desember 2021"},
        {"tahap":"Pengumuman Finalis","tanggal":"29 Desember 2021"},
        {"tahap":"Final","tanggal":"8 Januari 2022"}
    ],
    "faq":[
        {"pertanyaan":"Apa itu Computer Science Olympiad (CSO)?","jawaban":"Kompetisi di bidang matematika dan logika yang diperuntukan bagi siswa SMA/SMK sederajat dengan tujuan mendorong siswa untuk meningkatkan minat dan kemampuan di bidang informatika."},
        {"pertanyaan":"Berapa biaya kompetisi ini?","jawaban":"Setiap tim akan dikenakan biaya 50.000,-"},
        {"pertanyaan":"Apakah kompetisi ini dilakukan secara daring?","jawaban":"Ya, seluruh rangkaian kompertisi ini akan dilakukan secara daring"},
        {"pertanyaan":"Dokumen apa yang dibutuhkan untuk mendaftar Computer Science Olympiad (CSO)?","jawaban":"Hanya memerlukan scan kartu pelajar atau surat keterangan aktif dari sekolah"},
        {"pertanyaan":"Berapa babak yang ada dalam Computer Science Olympiad (CSO)?","jawaban":"Terdapat 3 babak, yaitu Try Out, Penyisihan, dan Final."},
        {"pertanyaan":"Perbedaan mengikuti pendaftaran gelombang 1 dan 2 ?","jawaban":"Peserta yang mendaftar gelombang 1 akan berkesempatan mengikuti tryout dengan hadiah pengembalian dana pendaftaran, sedangkan peserta yang mendaftar gelombang 2 tidak dapat mengikuti Try Out dan langsung mengikuti babak Penyisihan"}
      
    ],
    "kontak":[
        {
            "judul":"Whatsapp",
            "icon":"whatsapp",
            "list":[ 
                {"nama":"ANIYSAH", "kontak":"+6287761134588", "link":"https://wa.me/6287761134588"},
                {"nama":"NIMAS ", "kontak":"+6285749494267", "link":"https://wa.me/6285749494267"}
            ]
        },
        {
            "judul":"Instagram",
            "icon":"instagram",
            "list":[
                {"nama":"", "kontak":"NEOICT Competition", "link":""}
            ]
        }
      
    ]
}