{
    "header":{
        "nama_lomba":"<span>Fasilkom</span> Fest",
        "deskripsi_lomba":"Perlombaan yang diadakan oleh<br>Fakultas Ilmu Komputer<br/>UPN Veteran Jawa Timur",
        "logo":""        
        
    },
    "video":{
        "videoId":"thumbnail",
        "thumbnail":"/assets/images/resources/video-1-1.jpg"
    },
    "competition":[
        {
            "nama":"NEOICT Competition",
            "logo":"AKADEMIK.png",
            "deskripsi":"NEOICT Competition merupakan acara dibawah naungan Fasilkom Fest 2021 yang diadakan oleh Fakultas Ilmu Komputer UPN Veteran Jawa Timur. NEOICT Competition memiliki berbagai lomba dalam bidang akademik. Berbagai lomba yang diadakan adalah Computer Science Olympiad, UI/UX Design, Business Plan, dan Business Case",
            "lomba": [
                {"sub":"Computer Science Olympiad","link":"cso"},
                {"sub":"UI/UX Design","link":"uiux"},
                {"sub":"Business Plan","link":"bp"},
                {"sub":"Business Case","link":"bc"}
            ]
        },
        {
            "nama":"Festive",
            "logo":"SENI.png",
            "deskripsi":"Festive (Fasilkom Fest Art and Creative Competition) adalah perlombaan yang memiliki tujuan mengembangkan seni dan kreativitas bagi para pelajar maupun mahasiswa di seluruh Indonesia. Berbagai lomba yang diadakan ialah Music Cover Competition, Videography Competition dan Photography Competition.",
            "lomba": [
                {"sub":"Music Cover Competition","link":"mcc"},
                {"sub":"Short Movie Competition","link":"smc"},
                {"sub":"Photography Competition","link":"pgc"}
            ]
        },
        {
            "nama":"Fasilkom E-Sport Competition",
            "logo":"ESPORT.png",
            "deskripsi":"Perlombaan yang menguji akademik. Berbagai lomba yang diadakan adalah Computer Science Olympiad, UI/UX Design, Business Plan, dan Business Case",
            "lomba": [
                {"sub":"Mobile Legend Competition","link":"ml"},
                {"sub":"PUBG Mobile Competition","link":"pmc"},
                {"sub":"Valorant Competition","link":"vlc"}
            ]
        }
  
    ],
    "support":{
        "Sponsor":[
            {"nama":"Telkomsel", "logo":"", "size":""}
        ],
        "Media Partner":[
            {"nama":"Telkomsel", "logo":"", "size":""}
        ]
    }
}