{
    "nama_lomba":"<span>Music Cover</span> Competition",  
    "deskripsi_lomba1":"Music Cover Competition merupakan rangkaian kompetisi dari event FESTIVE di bawah naungan Fasilkom Festival yang diadakan oleh BEM Fakultas Ilmu Komputer Universitas Pembangunan Nasional “Veteran” Jawa Timur dengan tujuan memberikan wadah untuk berkreasi serta menampilkan karya kreatif dan inovatif dari peserta, mengekspresikan seni sesuai dengan norma yang berbasis budaya bangsa serta menumbuh kembangkan motivasi peserta untuk mengekspresikan diri melalui kegiatan sesuai dengan minat bakat dan kemampuannya.",
    "link_guidebook":"",
    "link_pendaftaran":"https://intip.in/PendaftaranMusicCoverCompetition",
    "gambar1":"/assets/images/resources/cso.png",
    "gambar2":"/assets/images/resources/cso.png",
    "deskripsi_lomba2":"<b>Music Cover Competition</b> diperuntukkan untuk siswa/i SMA/SMK Sederajat dan mahasiswa/i atau berusia maksimal 25 tahun. Music Cover Competition mengusung tema <b>“Let’s Preserve Our Culture during The Pandemic”</b> dengan harapan peserta dapat meningkatkan wawasan serta kemampuannya dalam bidang musik dengan menjadikan ajang pengembangan prestasi dan karakter peserta serta kecintaan seni dan budaya bangsa.",
    "benefit":[
        "E-sertifikat",
        "Hadiah jutaan rupiah",
        "Menambah pengalaman"
    ],
    "additional":[
        
    ],
    "timeline":[
        {"tahap":"Pendaftaran","tanggal":"13 November 2021 - 9 Desember 2021"},
        {"tahap":"Technical Meeting","tanggal":"11 Desember 2021"},
        {"tahap":"Pengumpulan Karya Pertama","tanggal":"13 - 21 Desember 2021"},
        {"tahap":"Pengumuman Peserta Lolos ke Babak Semifinal","tanggal":"27 Desember 2021"},
        {"tahap":"Pengumpulan Karya Kedua","tanggal":"29 Desember 2021 - 9 Januari 2022"},
        {"tahap":"Penilaian Semifinal dan Vote Juara Favorit","tanggal":"10 - 28 Januari 2022"},
        {"tahap":"Pengumuman Juara 1, 2, 3 dan Hasil Vote Juara Favorit","tanggal":"29 Januari 2022"},
        {"tahap":"Closing Party","tanggal":"29 Januari 2022"}
    ],
    "faq":[
        {"pertanyaan":"Apa itu Music Cover Competition ?","jawaban":"Kompetisi di bidang musik yang diperuntukan bagi siswa/i SMA/SMK Sederajat dan mahasiswa/i atau maksimal berusia 25 tahun dengan tujuan mendorong siswa untuk meningkatkan minat dan kemampuan di bidang musik."},
        {"pertanyaan":"Berapa biaya pendaftaran untuk Music Cover Competition ?","jawaban":"Setiap group akan dikenakan biaya 50.000,-"},
        {"pertanyaan":"Music Cover Competition dilakukan secara apa ?","jawaban":"Secara Hybrid. Beberapa rangkaian kompetisi ini akan dilakukan secara daring dan luring"},
        {"pertanyaan":"Dokumen apa yang dibutuhkan untuk mendaftar Music Cover Competition ?","jawaban":"Hanya memerlukan scan KTP/Kartu Pelajar/KTM, screenshot/foto bukti transfer pendaftaran, dan screenshot bukti follow akun Instagram Fasilkom Fest serta subscribe channel Youtube Fasilkom Fest."},
        {"pertanyaan":"Berapa babak yang ada dalam Music Cover Competition ?","jawaban":"Terdapat 3 babak, yaitu Penyisihan, Semi Final, dan Final."}
       
    ],
    "kontak":[
        {
            "judul":"Whatsapp",
            "icon":"whatsapp",
            "list":[ 
                {"nama":"ARIEL S", "kontak":"+6289676256343", "link":"https://wa.me/6289676256343"},
                {"nama":"TANTRI ARISA ", "kontak":"+6282234059951", "link":"https://wa.me/6282234059951"}
            ]
        }
        
      
    ]
}